Workbook

Sheet Production_Data
A1: Well | B1: Field | C1: Oil (bbl/day) | D1: Gas (Mscf/day) | E1: Water (bbl/day) | F1: Wellhead Pressure (psi) | G1: Temperature (°F) | H1: Status
A2: A-101 | B2: Alpha | C2: 3450 | D2: 520 | E2: 620 | F2: 2950 | G2: 182 | H2: Active
A3: A-102 | B3: Alpha | C3: 2980 | D3: 465 | E3: 710 | F3: 2885 | G3: 180 | H3: Active
A4: A-103 | B4: Alpha | C4: 1820 | D4: 295 | E4: 980 | F4: 2640 | G4: 176 | H4: Active
A5: B-201 | B5: Bravo | C5: 4150 | D5: 680 | E5: 540 | F5: 3150 | G5: 188 | H5: Active
A6: B-202 | B6: Bravo | C6: 2780 | D6: 430 | E6: 760 | F6: 2810 | G6: 179 | H6: Active
A7: B-203 | B7: Bravo | C7: 920 | D7: 160 | E7: 1280 | F7: 2260 | G7: 171 | H7: Monitor
A8: C-301 | B8: Charlie | C8: 3890 | D8: 590 | E8: 640 | F8: 3060 | G8: 186 | H8: Active
A9: C-302 | B9: Charlie | C9: 2640 | D9: 420 | E9: 810 | F9: 2795 | G9: 178 | H9: Active
A10: C-303 | B10: Charlie | C10: 1480 | D10: 235 | E10: 1160 | F10: 2455 | G10: 173 | H10: Monitor
A11: C-304 | B11: Charlie | C11: 4320 | D11: 705 | E11: 510 | F11: 3215 | G11: 190 | H11: Active

Sheet Calculations
A1: Well | B1: Field | C1: Oil (bbl/day) | D1: Gas (Mscf/day) | E1: Water (bbl/day) | F1: Total Fluid (bbl/day) | G1: Water Cut (%) | H1: GOR (Mscf/bbl) | I1: Production Category
A2: =Production_Data!A2 -> A-101 | B2: =Production_Data!B2 -> Alpha | C2: =Production_Data!C2 -> 3450 | D2: =Production_Data!D2 -> 520 | E2: =Production_Data!E2 -> 620 | F2: =C2+E2 -> 4070 | G2: =E2/(C2+E2) -> 0.15233415 | H2: =D2/C2 -> 0.15072464 | I2: =IF(C2>3500,"High",IF(C2>=2000,"Medium","Low")) -> Medium
A3: =Production_Data!A3 -> A-102 | B3: =Production_Data!B3 -> Alpha | C3: =Production_Data!C3 -> 2980 | D3: =Production_Data!D3 -> 465 | E3: =Production_Data!E3 -> 710 | F3: =C3+E3 -> 3690 | G3: =E3/(C3+E3) -> 0.19241192 | H3: =D3/C3 -> 0.15604027 | I3: =IF(C3>3500,"High",IF(C3>=2000,"Medium","Low")) -> Medium
A4: =Production_Data!A4 -> A-103 | B4: =Production_Data!B4 -> Alpha | C4: =Production_Data!C4 -> 1820 | D4: =Production_Data!D4 -> 295 | E4: =Production_Data!E4 -> 980 | F4: =C4+E4 -> 2800 | G4: =E4/(C4+E4) -> 0.35 | H4: =D4/C4 -> 0.16208791 | I4: =IF(C4>3500,"High",IF(C4>=2000,"Medium","Low")) -> Low
A5: =Production_Data!A5 -> B-201 | B5: =Production_Data!B5 -> Bravo | C5: =Production_Data!C5 -> 4150 | D5: =Production_Data!D5 -> 680 | E5: =Production_Data!E5 -> 540 | F5: =C5+E5 -> 4690 | G5: =E5/(C5+E5) -> 0.11513859 | H5: =D5/C5 -> 0.16385542 | I5: =IF(C5>3500,"High",IF(C5>=2000,"Medium","Low")) -> High
A6: =Production_Data!A6 -> B-202 | B6: =Production_Data!B6 -> Bravo | C6: =Production_Data!C6 -> 2780 | D6: =Production_Data!D6 -> 430 | E6: =Production_Data!E6 -> 760 | F6: =C6+E6 -> 3540 | G6: =E6/(C6+E6) -> 0.21468927 | H6: =D6/C6 -> 0.15467626 | I6: =IF(C6>3500,"High",IF(C6>=2000,"Medium","Low")) -> Medium
A7: =Production_Data!A7 -> B-203 | B7: =Production_Data!B7 -> Bravo | C7: =Production_Data!C7 -> 920 | D7: =Production_Data!D7 -> 160 | E7: =Production_Data!E7 -> 1280 | F7: =C7+E7 -> 2200 | G7: =E7/(C7+E7) -> 0.58181818 | H7: =D7/C7 -> 0.17391304 | I7: =IF(C7>3500,"High",IF(C7>=2000,"Medium","Low")) -> Low
A8: =Production_Data!A8 -> C-301 | B8: =Production_Data!B8 -> Charlie | C8: =Production_Data!C8 -> 3890 | D8: =Production_Data!D8 -> 590 | E8: =Production_Data!E8 -> 640 | F8: =C8+E8 -> 4530 | G8: =E8/(C8+E8) -> 0.14128035 | H8: =D8/C8 -> 0.15167095 | I8: =IF(C8>3500,"High",IF(C8>=2000,"Medium","Low")) -> High
A9: =Production_Data!A9 -> C-302 | B9: =Production_Data!B9 -> Charlie | C9: =Production_Data!C9 -> 2640 | D9: =Production_Data!D9 -> 420 | E9: =Production_Data!E9 -> 810 | F9: =C9+E9 -> 3450 | G9: =E9/(C9+E9) -> 0.23478261 | H9: =D9/C9 -> 0.15909091 | I9: =IF(C9>3500,"High",IF(C9>=2000,"Medium","Low")) -> Medium
A10: =Production_Data!A10 -> C-303 | B10: =Production_Data!B10 -> Charlie | C10: =Production_Data!C10 -> 1480 | D10: =Production_Data!D10 -> 235 | E10: =Production_Data!E10 -> 1160 | F10: =C10+E10 -> 2640 | G10: =E10/(C10+E10) -> 0.43939394 | H10: =D10/C10 -> 0.15878378 | I10: =IF(C10>3500,"High",IF(C10>=2000,"Medium","Low")) -> Low
A11: =Production_Data!A11 -> C-304 | B11: =Production_Data!B11 -> Charlie | C11: =Production_Data!C11 -> 4320 | D11: =Production_Data!D11 -> 705 | E11: =Production_Data!E11 -> 510 | F11: =C11+E11 -> 4830 | G11: =E11/(C11+E11) -> 0.10559006 | H11: =D11/C11 -> 0.16319444 | I11: =IF(C11>3500,"High",IF(C11>=2000,"Medium","Low")) -> High

Sheet Charts
E2: Field | F2: Total Oil
E3: Alpha | F3: =SUMIF(Production_Data!B:B,"Alpha",Production_Data!C:C) -> 8250
E4: Bravo | F4: =SUMIF(Production_Data!B:B,"Bravo",Production_Data!C:C) -> 7850
E5: Charlie | F5: =SUMIF(Production_Data!B:B,"Charlie",Production_Data!C:C) -> 12330

Sheet Dashboard
A1: PRODUCTION REPORT DASHBOARD
A3: Total Wells | B3: =COUNTA(Production_Data!A2:A11) -> 10
A5: Total Oil Production (bbl/day) | B5: =SUM(Production_Data!C2:C11) -> 28430
A7: Average Water Cut (%) | B7: =AVERAGE(Calculations!G2:G11) -> 0.25274391
A9: Wells Needing Monitoring | B9: =COUNTIF(Production_Data!H:H,"Monitor") -> 2
A11: Active Wells | B11: =COUNTIF(Production_Data!H:H,"Active") -> 8

Sheet Notes
A1: CHALLENGE QUESTIONS & FORMULAS
A3: Q1: Which field produces the most oil? | B3: =SUMIF(Production_Data!B:B,"Charlie",Production_Data!C:C) -> 12330
A5: Q2: Which well has highest water cut? | B5: {=INDEX(Calculations!A:A,MATCH(MAX(Calculations!G:G),Calculations!G:G,0))} -> B-203
A7: Q3: Which well has lowest pressure? | B7: {=INDEX(Production_Data!A:A,MATCH(MIN(Production_Data!F:F),Production_Data!F:F,0))} -> B-203
A9: Q4: How many wells need monitoring? | B9: =COUNTIF(Production_Data!H:H,"Monitor") -> 2
A11: Q5: Average oil production? | B11: =AVERAGE(Production_Data!C2:C11) -> 2843
